theme,row_count,mean_total_engagement
workflow_agent,56,10968.017857142857
developer_tooling,67,10377.791044776119
pricing_ops,34,9344.470588235294
comparison,146,6080.623287671233
launch_model,55,4141.218181818182
trust_integrity,12,2572.25
